source,destination,permanent
/blog/toadstools-and-microdosing/,/blog/Muchomurky-a-microdosing,true
/cz/muchomurky-a-microdosing/,/cz/blog/Muchomurky-a-microdosing,true
/cz/objevte-jedinecnost-a-nadrazenost-cerveny-borneo-kratom-drceny-list/,/cz/blog/red-borneo-kratom-crushed-leaf,true
/es/hoja-triturada-de-kratom-rojo-de-borneo/,/es/blog/red-borneo-kratom-crushed-leaf,true
/blog/red-borneo-kratom-crushed-leaf/,/blog/red-borneo-kratom-crushed-leaf,true
/de/red-borneo-kratom-zerkleinerte-blaetter/,/de/blog/red-borneo-kratom-crushed-leaf,true
/about-us/,/about,true
/cz/o-nas/,/cz/about,true
/de/uber-uns/,/de/about,true
/ua/pro-nas/,/ua/about,true
/ru/pro-nas/,/ua/ru/about,true
/contact-us/,/contacts,true
/cz/kontakt/,/cz/contacts,true
/de/kontakt/,/de/contacts,true
/ua/kontakty/,/ua/contacts,true
/es/contact-us/,/es/contacts,true
/ru/kontakty/,/ua/ru/contacts,true
/products-quality-tests/,/certificates,true
/cz/certifikaty-a-testy-vyrobku/,/cz/certificates,true
/de/certifikaty-a-testy-vyrobku/,/de/certificates,true
/es/pruebas-y-certificados-de-calidad-del-producto/,/es/certificates,true
/cz/novinky-obchodu-argyreia-nervosa/,/cz/blog/new-in-store-argyreia-nervosa,true
/blog/new-in-store-argyreia-nervosa/,/blog/new-in-store-argyreia-nervosa,true
/ua/novynky-magazynu-gavajska-troyanda/,/ua/blog/new-in-store-argyreia-nervosa,true
/ru/novinki-argyreia-nervosa-gavajskaya-roza/,/ua/ru/blog/new-in-store-argyreia-nervosa,true
/vseobecne-obchodni-podminky/,/terms,true
/vivadzen-zasady-ochrany-osobnich-udaju/,/policy,true
/zasady-vraceni-penez/,/returns,true
/viva-dzen-shop/,/catalog,true
/product-category/entheogens/,/entheogeny,true
/product-category/superfoods/,/superpotraviny,true
/product-category/teas/,/caje-2,true
/product-category/coffee/,/kava-2,true
/product-category/kratom/,/kratom,true
/product-category/mushrooms/,/houby,true
/cz/vseobecne-obchodni-podminky/,/cz/terms,true
/cz/vivadzen-zasady-ochrany-osobnich-udaju/,/cz/policy,true
/cz/zasady-vraceni-penez/,/cz/returns,true
/cz/viva-dzen-shop/,/cz/catalog,true
/cz/product-category/legal-kanabinoidy/,/cz/konopi,true
/cz/product-category/entheogeny/,/cz/entheogeny,true
/cz/product-category/superpotraviny/,/cz/superpotraviny,true
/cz/product-category/caj/,/cz/caje-2,true
/cz/product-category/kava/,/cz/kava-2,true
/cz/product-category/caje-kava/,/cz/caje-kava,true
/cz/product-category/kratom/,/cz/kratom,true
/cz/product-category/mushrooms/,/cz/houby,true
/cz/platba-a-doruceni/,/cz/delivery,true
/platba-a-doruceni/,/delivery,true
/de/viva-dzen-shop/,/de/catalog,true
/de/product-category/legal-kanabinoidy/,/de/konopi,true
/de/product-category/mushrooms/,/de/houby,true
/de/viva-dzen-shop/?filter_product_cat=entheogeny,/de/entheogeny,true
/de/product-category/superpotraviny/,/de/superpotraviny,true
/de/product-category/kratom/,/de/kratom,true
/de/zahlung-und-lieferung/,/de/payment,true
/de/allgemeine-geschaeftsbedingungen/,/de/terms,true
/de/vivadzen-datenschutzerklaerung/,/de/policy,true
/de/zasady-vraceni-penez/,/de/returns,true
/ua/viva-dzen-shop/,/ua/catalog,true
/ua/product-category/entheogeny/,/ua/entheogeny,true
/ua/product-category/griby/,/ua/houby,true
/ua/product-category/seperfoody/,/ua/superpotraviny,true
/ua/product-category/caj/,/ua/caje-2,true
/ua/product-category/kava/,/ua/kava-2,true
/ua/oplata-ta-dostavka/,/ua/delivery,true
/ua/zahalni-polozhennia-ta-umovy/,/ua/terms,true
/ru/viva-dzen-shop/,/ua/ru/catalog,true
/ru/product-category/entheogeny/,/ua/ru/entheogeny,true
/ru/product-category/griby/,/ua/ru/houby,true
/ru/product-category/seperfoody/,/ua/ru/superpotraviny,true
/ru/product-category/caj/,/ua/ru/caje-2,true
/ru/product-category/kava/,/ua/ru/kava-2,true
/es/politica-de-privacidad/,/es/policy,true
/es/politica-de-reembolso/,/es/returns,true
/es/terminos-y-condiciones-generales/,/es/terms,true
/es/viva-dzen-shop/,/es/catalog,true
/es/product-category/entheogens/,/es/entheogeny,true
/es/product-category/kratom/,/es/kratom,true
/es/product-category/kratom/liquid-kratom/,/es/liquid-kratom,true
/es/product-category/kratom/kratom-pills/,/es/kratomove-tablety,true
/es/product-category/kratom/kratom-powder/,/es/kratom-prasek,true
/product-category/teas/black/,/cerna-2,true
/product-category/teas/green/,/zelena-2,true
/product-category/teas/herbal/,/bylinne-2,true
/product-category/kratom/liquid-kratomu/,/liquid-kratom,true
/product-category/kratom/kratom-pills/,/kratomove-tablety,true
/product-category/kratom/other-kratom-products/,/dalsi-kratomove-produkty,true
/product-category/kratom/accessories-kratom/,/prislusenstvi,true
/cz/product-category/kratom/liquid-kratomu/,/cz/liquid-kratom,true
/cz/product-category/kratom/kratom-prasek/,/cz/kratom-prasek,true
/cz/product-category/kratom/kratomove-tablety/,/cz/kratomove-tablety,true
/cz/product-category/kratom/dalsi-kratomove-produkty/,/cz/dalsi-kratomove-produkty,true
/cz/product-category/kratom/prislusenstvi-kratom/,/cz/prislusenstvi,true
/cz/product-category/legal-kanabinoidy/cbd/,/cz/cbd,true
/cz/product-category/legal-kanabinoidy/cbd/cartridge-cbd/,/cz/cartridge-5,true
/cz/product-category/legal-kanabinoidy/cbd/kvety-cbd/,/cz/kvety,true
/cz/product-category/legal-kanabinoidy/cbd/potraviny-s-cbd/,/cz/potraviny-s-cbd,true
/cz/product-category/legal-kanabinoidy/cbd/kosmetika-s-cbd/,/cz/kosmetika-s-cbd,true
/cz/product-category/legal-kanabinoidy/cbd/gummies-cbd/,/cz/gummies-2,true
/cz/product-category/legal-kanabinoidy/cbd/vape-cbd/,/cz/vape-5,true
/cz/product-category/legal-kanabinoidy/cbd/ostatni/,/cz/ostatni-2,true
/cz/product-category/legal-kanabinoidy/cbd/liquid-cbd/,/cz/liquid-2,true
/cz/product-category/legal-kanabinoidy/cbd/napoje-s-cbd/,/cz/napoje-s-cbd,true
/cz/product-category/legal-kanabinoidy/cbd/oleje-cbd/,/cz/cbd-kapky-2,true
/cz/product-category/legal-kanabinoidy/cbd/preroll-cbd/,/cz/preroll-5,true
/cz/product-category/legal-kanabinoidy/oleje/,/cz/cbd-kapky,true
/cz/product-category/legal-kanabinoidy/seminka/,/cz/seminka,true
/cz/product-category/legal-kanabinoidy/h4cbd/,/cz/h4cbd,true
/cz/product-category/legal-kanabinoidy/h4cbd/cartridge-h4cbd/,/cz/cartridge-6,true
/cz/product-category/legal-kanabinoidy/h4cbd/kvety-h4cbd/,/cz/kvety-7,true
/cz/product-category/legal-kanabinoidy/h4cbd/gummies-h4cbd/,/cz/gummies-3,true
/cz/product-category/legal-kanabinoidy/h4cbd/vape-h4cbd/,/cz/vape-6,true
/cz/product-category/legal-kanabinoidy/h4cbd/hash-h4cbd/,/cz/hash,true
/cz/product-category/legal-kanabinoidy/thhc/,/cz/thhc,true
/cz/product-category/legal-kanabinoidy/thhc/cartridge/,/cz/cartridge-2,true
/cz/product-category/legal-kanabinoidy/thhc/kvety-thhc/,/cz/kvety-9,true
/cz/product-category/legal-kanabinoidy/thhc/vape/,/cz/vape-4,true
/cz/product-category/legal-kanabinoidy/thhc/preroll-thhc/,/cz/preroll-6,true
/cz/product-category/legal-kanabinoidy/cbg9/,/cz/cbg9,true
/cz/product-category/legal-kanabinoidy/cbg9/preroll-cbg9/,/cz/preroll-3,true
/cz/product-category/legal-kanabinoidy/cbg9/kvety-cbg9/,/cz/kvety-5,true
/cz/product-category/legal-kanabinoidy/thc-x/,/cz/thc-x,true
/cz/product-category/legal-kanabinoidy/thc-x/cartridge-thc-x/,/cz/cartridge-8,true
/cz/product-category/legal-kanabinoidy/thc-x/kvety/,/cz/kvety-8,true
/cz/product-category/legal-kanabinoidy/thc-x/preroll/,/cz/preroll-7,true
/cz/product-category/legal-kanabinoidy/nano10/,/cz/nano10,true
/cz/product-category/legal-kanabinoidy/10-oh-hhc/,/cz/10-oh-hhc,true
/cz/product-category/legal-kanabinoidy/10-oh-hhc/cartridge-10-oh-hhc/,/cz/cartridge-4,true
/cz/product-category/legal-kanabinoidy/10-oh-hhc/kvety-10-oh-hhc/,/cz/kvety-4,true
/cz/product-category/legal-kanabinoidy/10-oh-hhc/vape-10-oh-hhc/,/cz/vape-2,true
/cz/product-category/legal-kanabinoidy/10-oh-hhc/dab/,/cz/dab,true
/cz/product-category/legal-kanabinoidy/10-oh-hhc/10-%d0%be%d0%bd-%d0%bd%d0%bd%d1%81-edibles/,/cz/10-on-nns-edibles,true
/cz/product-category/legal-kanabinoidy/10-oh-hhc/moon-rock/,/cz/moon-rock,true
/cz/product-category/legal-kanabinoidy/10-oh-hhc/preroll-10-oh-hhc/,/cz/preroll-4,true
/cz/product-category/legal-kanabinoidy/10-oh-hhc/hash/,/cz/hash-2,true
/cz/product-category/legal-kanabinoidy/10-oh-hhc/gummies/,/cz/gummies,true
/cz/product-category/legal-kanabinoidy/10-oh-hhc/liquid/,/cz/liquid,true
/cz/product-category/legal-kanabinoidy/th4c/,/cz/th4c,true
/cz/product-category/legal-kanabinoidy/th4c/cartridge-th4c/,/cz/cartridge,true
/cz/product-category/legal-kanabinoidy/th4c/preroll-th4c/,/cz/preroll,true
/cz/product-category/legal-kanabinoidy/th4c/kvety-th4c/,/cz/kvety-2,true
/cz/product-category/legal-kanabinoidy/th4c/vape-th4c/,/cz/vape,true
/cz/product-category/legal-kanabinoidy/thc-f1/,/cz/thc-f1,true
/cz/product-category/legal-kanabinoidy/thc-f1/cartridge-thc-f1/,/cz/cartridge-3,true
/cz/product-category/legal-kanabinoidy/thc-f1/kvety-thc-f1/,/cz/kvety-3,true
/cz/product-category/legal-kanabinoidy/thc-f1/vape-thc-f1/,/cz/vape-3,true
/cz/product-category/legal-kanabinoidy/thc-f1/preroll-thc-f1/,/cz/preroll-2,true
/cz/product-category/legal-kanabinoidy/prislusenstvi/,/cz/prislusenstvi-2,true
/cz/product-category/legal-kanabinoidy/prislusenstvi/vaporizacni-pero/,/cz/vaporizacni-pero,true
/cz/product-category/legal-kanabinoidy/prislusenstvi/zapalovace/,/cz/papirky-a-filtry,true
/cz/product-category/legal-kanabinoidy/prislusenstvi/zapalovace-prislusenstvi/,/cz/zapalovace,true
/cz/product-category/legal-kanabinoidy/prislusenstvi/trubky/,/cz/trubky,true
/cz/product-category/legal-kanabinoidy/prislusenstvi/bongy/,/cz/bongy,true
/cz/product-category/legal-kanabinoidy/prislusenstvi/nadobky/,/cz/nadobky,true
/cz/product-category/legal-kanabinoidy/prislusenstvi/popelnik/,/cz/popelnik,true
/cz/product-category/legal-kanabinoidy/prislusenstvi/cones/,/cz/cones,true
/cz/product-category/legal-kanabinoidy/prislusenstvi/drticky/,/cz/drticky,true
/cz/product-category/caje-kava/caj/bylinne/,/cz/bylinne-2,true
/cz/product-category/caje-kava/caj/cerna/,/cz/cerna-2,true
/cz/product-category/caje-kava/caj/zelena/,/cz/zelena-2,true
/cz/product-category/caje-kava/caj/ostatni-caj/,/cz/ostatni-3,true
/cz/product-category/caje-kava/kava/zrnkova/,/cz/zrnkova-2,true
/cz/product-category/caje-kava/kava/mleta/,/cz/mleta-2,true
/cz/produkt/pre-roll-pouzdro/,/cz/pre-roll-pouzdro,true
/cz/produkt/orange-county-cbd-vape-pen-sour-apple-250mg-cbd-250mg-cbg-3-ml/,/cz/orange-county-cbd-vape-pen-sour-apple-250mg-cbd-250mg-cbg-3-ml,true
/cz/produkt/10-oh-hhc-preroll-super-strong-green-crack/,/cz/10-oh-hhc-preroll-super-strong-green-crack,true
/cz/produkt/hemnia-cbd-oil-20-thc-free-2000-mg-10-ml/,/cz/hemnia-cbd-oil-20-thc-free-2000-mg-10-ml,true
/cz/produkt/bione-cannabis-lip-balm-5-ml/,/cz/bione-cannabis-lip-balm-5-ml,true
/cz/produkt/konopny-tata-cbd-naplasti-1000-mg-cbd-10-pcs/,/cz/konopny-tata-cbd-naplasti-1000-mg-cbd-10-pcs,true
/cz/produkt/sklenena-dymka/,/cz/sklenena-dymka,true
/cz/produkt/puro-zrnkova-kava-bio-light-roast-250g/,/cz/puro-zrnkova-kava-bio-light-roast-250g,true
/cz/produkt/rolls69-smart-filter-10ks/,/cz/rolls69-smart-filter-10ks,true
/cz/produkt/juicy-jay-big-size-rolling-papers/,/cz/juicy-jay-big-size-rolling-papers,true
/cz/produkt/agushie-powder/,/cz/agushie-powder-500g,true
/cz/produkt/ashwaganda-v-kapsli/,/cz/ashwaganda-extrakt-v-kapslich-100-kapsli-40g,true
/cz/produkt/palmero-mini-strawberry-2x-palm-leaf-wraps-0-8g/,/cz/palmero-mini-strawberry-2x-palm-leaf-wraps-0-8g,true
/cz/produkt/puro-zrnkova-kava-fuerte-250g/,/cz/puro-zrnkova-kava-fuerte-250g,true
/cz/produkt/thhc-vape-pen-05ml-inferno/,/cz/thhc-vape-pen-0-5ml-inferno,true
/cz/produkt/konopny-tata-cbd-patches-600-mg-cbd-30-pcs/,/cz/konopny-tata-cbd-patches-600-mg-cbd-30-pcs,true
/cz/produkt/enecta-cbd-oil-10-1000-mg-10-ml/,/cz/enecta-cbd-oil-10-1000-mg-10-ml,true
/cz/produkt/10-oh-hhc-amnesia-haze-pre-roll/,/cz/10-oh-hhc-amnesia-haze-pre-roll,true
/cz/produkt/crispy-gari/,/cz/crispy-gari,true
/cz/produkt/sum-hemp-coffee-bio-250g-classic-hemp/,/cz/sum-hemp-coffee-bio-250g-classic-hemp,true
/cz/produkt/tyson-2-0-cricket-lighter-black/,/cz/tyson-2-0-cricket-lighter-black,true
/cz/produkt/dawadawa/,/cz/dawadawa-25g,true
/cz/produkt/palmero-rollie-3x-palm-leaf-wraps-0-5g/,/cz/palmero-rollie-3x-palm-leaf-wraps-0-5g,true
/cz/produkt/orange-county-cbd-vape-pen-cool-menthol-250mg-cbd-250mg-cbg-3-ml/,/cz/orange-county-cbd-vape-pen-cool-menthol-250mg-cbd-250mg-cbg-3-ml,true
/cz/produkt/cbd-purple-black-snake/,/cz/cbd-purple-black-snake,true
/cz/produkt/royal-queen-seeds-glass-pipe/,/cz/royal-queen-seeds-glass-pipe,true
/cz/produkt/cannio-10-oh-hhc-pre-roll/,/cz/cannio-10-oh-hhc-pre-roll-white-widow,true
/cz/produkt/happease-relief-cbd-oil-lemon-tree-30-cbd-3000-mg-10-ml/,/cz/happease-relief-cbd-oil-lemon-tree-30-cbd-3000-mg-10-ml,true
/cz/produkt/happease-create-cbd-oil-purple-rain-5-cbd-500-mg-10-ml/,/cz/happease-create-cbd-oil-purple-rain-5-cbd-500-mg-10-ml,true
/cz/produkt/battery-for-cartridge-380-mah-510-thread-usb-charger/,/cz/battery-for-cartridge-380-mah-510-thread-usb-charger,true
/cz/produkt/corydalis-yan-hu-suo-mlety-koren/,/cz/corydalis-yan-hu-suo-mlety-koren-25g,true
/cz/produkt/happy-caps-bylinne-kapsle/,/cz/happy-caps-bylinne-kapsle-special-k,true
/cz/produkt/banisteriopsis-caapi-vine-susene-listy/,/cz/banisteriopsis-caapi-vine-susene-listy-20g,true
/cz/produkt/slehackova-bomba-exotic-whip-2kg/,/cz/slehackova-bomba-exotic-whip-2kg-coconut,true
/cz/produkt/czech-cbd-10-oh-hhc-jelly/,/cz/czech-cbd-10-oh-hhc-jelly-200mg-strawberry,true
/cz/produkt/best-buds-grinder-gelato-lemon-berries-cone-4-parts/,/cz/best-buds-grinder-gelato-lemon-berries-cone-4-parts,true
/cz/produkt/best-buds-grinder-gelato-blueberry-tropical-fruits-4-parts/,/cz/best-buds-grinder-gelato-blueberry-tropical-fruits-4-parts,true
/cz/produkt/royal-queen-seeds-card-grinder-rqs-2-parts/,/cz/royal-queen-seeds-card-grinder-rqs-2-parts,true
/cz/produkt/palmero-slim-2x-palm-leaf-wraps-1-25g/,/cz/palmero-slim-2x-palm-leaf-wraps-1-25g,true
/cz/produkt/raw-original-tips-%ef%ac%81ltry/,/cz/raw-original-tips-ltry,true
/cz/produkt/royal-queen-seeds-metal-embossed-grinder-amsterdam/,/cz/royal-queen-seeds-metal-embossed-grinder-amsterdam,true
/cz/produkt/royal-queen-seeds-pollinator-grinder-4-parts-60-mm/,/cz/royal-queen-seeds-pollinator-grinder-4-parts-60-mm,true
/cz/produkt/royal-queen-seeds-grinder-small-window-2-parts-48-mm/,/cz/royal-queen-seeds-grinder-small-window-2-parts-48-mm,true
/cz/produkt/royal-queen-seeds-metal-embossed-grinder-4-parts-50mm/,/cz/royal-queen-seeds-metal-embossed-grinder-4-parts-50mm,true
/cz/produkt/groove-micro-hourglass-rig-clear-and-black-bong/,/cz/groove-micro-hourglass-rig-clear-and-black-bong,true
/cz/produkt/the-bulldog-metal-embossed-pipe-set-rainbow-83-mm/,/cz/the-bulldog-metal-embossed-pipe-set-rainbow-83-mm,true
/cz/produkt/monkey-king-rolling-papers-with-filter-tips-smell-of-mojito/,/cz/monkey-king-rolling-papers-with-filter-tips-smell-of-mojito,true
/cz/produkt/narcos-white-edition-king-size-slim-rolling-papers/,/cz/narcos-white-edition-king-size-slim-rolling-papers,true
/cz/produkt/raw-papers-king-size-rolls-3m/,/cz/raw-papers-king-size-rolls-3m,true
/cz/produkt/euphoria-cbd-disposable-vape-pen-cactus-lemon-2-ml/,/cz/euphoria-cbd-disposable-vape-pen-cactus-lemon-2-ml,true
/cz/produkt/euphoria-rolling-papers-kingsize-slim/,/cz/euphoria-rolling-papers-kingsize-slim,true
/cz/produkt/nano10-ultra-pink-pre-roll-0-8g/,/cz/nano10-ultra-pink-pre-roll-0-8g,true
/cz/produkt/tongkat-ali-extract-v-kapslich/,/cz/tongkat-ali-extract-v-kapslich-50-kapsli-25g,true
/cz/produkt/zensen-extrakt-v-kapslich/,/cz/zensen-extrakt-v-kapslich-50-kapsli-20g,true
/cz/produkt/ashwaganda-extrakt-v-kapslich/,/cz/ashwaganda-extrakt-v-kapslich-100-kapsli-40g,true
/cz/produkt/10-oh-hhc-mini-buds-1-5g/,/cz/10-oh-hhc-mini-buds-1-5g,true
/cz/produkt/best-buds-pipsy-metal-pipe-with-mini-grinder-4-colors/,/cz/best-buds-pipsy-metal-pipe-with-mini-grinder-4-colors-modra,true
/cz/produkt/hemnia-cbd-vegan-gummies-fruit-mix-300-mg-cbd-30-pcs-x-10-mg-80-g/,/cz/hemnia-cbd-vegan-gummies-fruit-mix-300-mg-cbd-30-pcs-x-10-mg-80-g,true
/cz/produkt/canapu%ef%ac%80-10-oh-hhc-preroll-10-oh-hhc-60-2g/,/cz/canapu-10-oh-hhc-preroll-10-oh-hhc-60-2g-rainbow-runtz,true
/cz/produkt/euphoria-h4cbd-disposable-vape-pen-grape-mint-h4cbd-50-2-ml/,/cz/euphoria-h4cbd-disposable-vape-pen-h4cbd-50-2-ml-mango,true
/cz/produkt/euphoria-cbd-disposable-vape-pen-2-ml/,/cz/euphoria-cbd-disposable-vape-pen-2-ml-heisenberg,true
/cz/produkt/czech-cbd-10-oh-hhc-preroll-alien-og-2g/,/cz/czech-cbd-10-oh-hhc-preroll-alien-og-2g,true
/cz/produkt/bulk-straining-bags-synthetic-10/,/cz/bulk-straining-bag,true
/cz/produkt/canntropy-10-oh-hhc-premium-cannabinoid-oil-10-oh-hhc-10ml/,/cz/canntropy-10-oh-hhc-premium-cannabinoid-oil-10-10-oh-hhc-10ml,true
/cz/produkt/czech-cbd-10-oh-hhc-chocolate-lego-50-mg-10-oh-hhc/,/cz/czech-cbd-10-oh-hhc-chocolate-lego-50-mg-10-oh-hhc,true
/cz/produkt/euphoria-h4cbd-gummies-strawberry-3-pcs-x-40-mg-120-mg/,/cz/euphoria-h4cbd-gummies-3-pcs-x-40-mg-120-mg-jablko,true
/cz/produkt/czech-cbd-10-oh-hhc-chocolate-brownie-60-mg-10-oh-hhc/,/cz/czech-cbd-10-oh-hhc-chocolate-brownie-60-mg-10-oh-hhc,true
/cz/produkt/enecta-cbnight-gummies-30-pcs-150-mg-cbd-4-5-mg-melatonin-60-g/,/cz/enecta-cbnight-gummies-30-pcs-150-mg-cbd-4-5-mg-melatonin-60-g,true
/cz/produkt/canntropy-10-oh-hhc-vape-pen-orange-creamsicle/,/cz/canntropy-10-oh-hhc-vape-pen-orange-creamsicle-10-oh-hhc-97-quality-2ml,true
/cz/produkt/eighty8-10-oh-hhc-vape-pen-2-ml/,/cz/eighty8-vape-pen-96-10-oh-hhc-2-ml-super-strong-gsc,true
/cz/produkt/delta-munchies-10-oh-hhc-10-oh-hhcp-lil-ripper-vape-pen-2g/,/cz/delta-munchies-10-oh-hhc-10-oh-hhcp-lil-ripper-vape-pen-2g-pineapple-express,true
/cz/produkt/canapu%ef%ac%80-10-oh-hhc-liquid-rainbow-runtz-1500-mg/,/cz/canapu-10-oh-hhc-liquid-rainbow-runtz-1500-mg-10-oh-hhc-10-ml,true
/cz/produkt/kava-kava-extrakt/,/cz/vivadzen-kava-kava-extrakt-30ml,true
/cz/produkt/thhc-vape-pen-1ml/,/cz/cannio-thhc-vape-pen-1ml-exodus,true
/cz/produkt/cbd-plutonium-pre-roll/,/cz/cbd-plutonium-pre-roll,true
/cz/produkt/cbd-mango-rock-pre-roll/,/cz/cbd-mango-rock-pre-roll,true
/cz/produkt/cbd-mango-cheese-pre-roll/,/cz/cbd-mango-cheese-pre-roll,true
/cz/produkt/bubbly-billy-buds-mango-flavoured-36-mg-cbd/,/cz/bubbly-billy-buds-mango-flavoured-36-mg-cbd,true
/cz/produkt/canntropy-h4cbd-cartridge-gorilla-glue-95-h4cbd-1-ml/,/cz/canntropy-h4cbd-cartridge-gorilla-glue-95-h4cbd-1-ml,true
/cz/produkt/nature-cure-full-spectrum-cbd-oil-10-1000-mg-10-ml/,/cz/nature-cure-full-spectrum-cbd-oil-10-1000-mg-10-ml,true
/cz/produkt/cannabellum-cbd-sport-massage-gel-200-ml/,/cz/cannabellum-cbd-sport-massage-gel-200-ml,true
/cz/produkt/eighty8-cbd-live-resin-vape-lemon-cherry-gelato/,/cz/eighty8-cbd-live-resin-vape-lemon-cherry-gelato-92-cbd-2-ml,true
/cz/produkt/cannastra-cbc-disposable-vape-pen-astral-awakening-cbc/,/cz/cannastra-cbc-disposable-vape-pen-astral-awakening-cbc-98-quality-1-ml,true
/cz/produkt/endoca-balm-lips-and-skin-20-mg-cbd-5-ml/,/cz/endoca-balm-lips-and-skin-20-mg-cbd-5-ml,true
/cz/produkt/endoca-hemp-salve-250-mg-cbd-10-ml/,/cz/endoca-hemp-salve-250-mg-cbd-10-ml,true
/cz/produkt/canapuff-h4cbd-gummies-5-pcs-x-25-mg-h4cbd-125-mg/,/cz/canapuff-h4cbd-gummies-5-pcs-x-25-mg-h4cbd-125-mg-jablko,true
/cz/produkt/hemnia-h4cbd-and-cbd-vape-pen-spiritual-center/,/cz/hemnia-premium-functional-h4cbd-and-cbd-vape-pen-spiritual-center-50-h4cbd-45-cbd-tulsi-gotu-kola-sage-1ml,true
/cz/produkt/hemnia-full-spectrum-pain-relief-cbg-oil-20-cbg-5-cbd-2000-mg-10-ml/,/cz/hemnia-full-spectrum-pain-relief-cbg-oil-20-cbg-5-cbd-2000-mg-10-ml,true
/cz/produkt/happease-sleep-cbd-oil-mountain-river-5-cbd-500-mg-10-ml/,/cz/happease-sleep-cbd-oil-mountain-river-5-cbd-500-mg-10-ml,true
/cz/produkt/happease-focus-cbd-oil-jungle-spirit-5-cbd-500-mg-10-ml/,/cz/happease-focus-cbd-oil-jungle-spirit-5-cbd-500-mg-10-ml,true
/cz/produkt/euphoria-cbd-oil-5-10-ml-500-mg/,/cz/euphoria-cbd-oil-5-10-ml-500-mg,true
/cz/produkt/hemnia-cbd-vegan-gummies-fruit-mix/,/cz/hemnia-cbd-vegan-gummies-fruit-mix-750-mg-cbd-30-pcs-x-25-mg-90-g,true
/cz/produkt/hemnia-full-spectrum-cbd-hemp-oil-10-1000-mg-10ml/,/cz/hemnia-full-spectrum-cbd-hemp-oil-10-1000-mg-10ml,true
/cz/produkt/cannaline-cbd-caj/,/cz/cannaline-cbd-caj-detox,true
/cz/produkt/cannaline-cbd-hemp-oil-thc-free-40-4000-mg-10-ml/,/cz/cannaline-cbd-hemp-oil-thc-free-40-4000-mg-10-ml,true
/cz/produkt/cannaline-cbd-hemp-oil-thc-free/,/cz/cannaline-cbd-hemp-oil-thc-free-5-500-mg-10-ml,true
/cz/produkt/cannaline-cbd-hemp-oil-thc-free-10-1000-mg-10-ml/,/cz/cannaline-cbd-hemp-oil-thc-free-10-1000-mg-10-ml,true
/cz/produkt/happease-balance-cbd-oil-strawberry-field/,/cz/happease-balance-cbd-oil-strawberry-field-10-cbd-1000mg-10-ml,true
/cz/produkt/cannaline-cbd-hemp-oil-thc-free-5-500-mg-10-ml/,/cz/cannaline-cbd-hemp-oil-thc-free-5-500-mg-10-ml,true
/cz/produkt/hemnia-full-spectrum-pain-relief-cbg-oil-5-cbg-5-cbd-500-mg-10-ml/,/cz/hemnia-full-spectrum-pain-relief-cbg-oil-5-cbg-5-cbd-500-mg-10-ml,true
/cz/produkt/euphoria-cbd-oil-25-10-ml-2500-mg/,/cz/euphoria-cbd-oil-25-10-ml-2500-mg,true
/cz/produkt/cannabigold-oil-relief-15-135-cbd-15-cbg-1800-mg-12-ml/,/cz/cannabigold-oil-relief-15-13-5-cbd-1-5-cbg-1800-mg-12-ml,true
/cz/produkt/hemnia-cbd-oil-10-thc-free-1000-mg-10-ml/,/cz/hemnia-cbd-oil-10-thc-free-1000-mg-10-ml,true
/cz/produkt/happease-create-cbd-oil-purple-rain-10-cbd-1000-mg-10-ml/,/cz/happease-create-cbd-oil-purple-rain-10-cbd-1000-mg-10-ml,true
/cz/produkt/euphoria-cbd-oil-10-10-ml-1000-mg/,/cz/euphoria-cbd-oil-10-10-ml-1000-mg,true
/cz/produkt/hemnia-cbd-oil-30-thc-free-3000-mg-10-ml/,/cz/hemnia-cbd-oil-30-thc-free-3000-mg-10-ml,true
/cz/produkt/nature-cure-full-spectrum-cbd-oil-30-3000-mg-10-ml/,/cz/nature-cure-full-spectrum-cbd-oil-30-3000-mg-10-ml,true
/cz/produkt/happease-relax-cbd-oil-tropical-sunrise-30-cbd-3000-mg-10-ml/,/cz/happease-relax-cbd-oil-tropical-sunrise-30-cbd-3000-mg-10-ml,true
/cz/produkt/hemnia-full-spectrum-cbd-hemp-oil-25-2500-mg-10-ml/,/cz/hemnia-full-spectrum-cbd-hemp-oil-25-2500-mg-10-ml,true
/cz/produkt/canapuff-10-oh-hhc-cartridge-king-luis-xiii/,/cz/canapuff-10-oh-hhc-cartridge-king-luis-xiii,true
/cz/produkt/canapuff-10-oh-hhc-cartridge-king-luis-xiii-2/,/cz/canapuff-10-oh-hhc-cartridge-king-luis-xiii,true
/cz/produkt/canapuff-10-oh-hhc-cartridge-rainbow-runtz/,/cz/canapuff-10-oh-hhc-cartridge-rainbow-runtz,true
/cz/produkt/canapuff-10-oh-hhc-pen-cartridge-super-lemon-haze/,/cz/canapuff-10-oh-hhc-pen-cartridge-super-lemon-haze,true
/cz/produkt/cannabis-bakehouse-cbd-fruit-gummies-30g-22-pcs-x-4-mg-cbd/,/cz/cannabis-bakehouse-cbd-fruit-gummies-30g-22-pcs-x-4-mg-cbd,true
/cz/produkt/palmero-mini-blueberry-2x-palm-leaf-wraps-0-8g/,/cz/palmero-mini-blueberry-2x-palm-leaf-wraps-0-8g,true
/cz/produkt/canapuff-10-oh-hhc-flower-donny-burger-1g/,/cz/canapuff-10-oh-hhc-flower-donny-burger-1g,true
/cz/produkt/cannaline-cbd-tea-deep-sleep-30g/,/cz/cannaline-cbd-tea-deep-sleep-30g,true
/cz/produkt/canntropy-cbd-liquid-dosi-kush-cbd-10-10-ml/,/cz/canntropy-cbd-liquid-dosi-kush-cbd-10-10-ml,true
/cz/produkt/orange-county-cbd-e-liquid-cbd-300-mg-10-ml/,/cz/orange-county-cbd-e-liquid-cbd-300-mg-10-ml-cherry-og-kush,true
/cz/produkt/super-strong-cartridge-10-oh-hhc/,/cz/eighty8-super-strong-cartridge-10-oh-hhc-og-kush,true
/cz/produkt/10-oh-hhc-preroll-super-strong-animal-mints/,/cz/10-oh-hhc-preroll-super-strong-animal-mints,true
/cz/produkt/10-oh-hhc-preroll-super-strong-mimosa/,/cz/10-oh-hhc-preroll-super-strong-mimosa,true
/cz/produkt/10-oh-hhc-preroll-super-strong-la-mota/,/cz/10-oh-hhc-preroll-super-strong-la-mota,true
/cz/produkt/10-oh-hhc-preroll-super-strong-apple-fritter/,/cz/10-oh-hhc-preroll-super-strong-apple-fritter,true
/cz/produkt/10-oh-hhc-extract-super-strong-honey-dab-1g/,/cz/10-oh-hhc-extract-super-strong-honey-dab-1g,true
/cz/produkt/cbd-konopny-olej-20-full-spectrum-10ml/,/cz/cbd-konopny-olej-20-full-spectrum-10ml,true
/cz/produkt/euphoria-cellulose-ceramic-carbon-filter-10-pc/,/cz/euphoria-cellulose-ceramic-carbon-filter-10-kusu,true
/cz/produkt/the-bulldog-original-silver-king-size-slim-rolling-papers-tips/,/cz/the-bulldog-original-silver-king-size-slim-rolling-papers-tips,true
/cz/produkt/the-original-cones-cones-original-giga-1x-paper-pack/,/cz/the-original-cones-cones-original-giga-1x-paper-pack,true
/cz/produkt/thhc-cartridge-1ml/,/cz/cannio-thhc-cartridge-1ml-hardcore,true
/cz/produkt/thhc-pre-roll/,/cz/cannio-thhc-pre-roll-hardcore,true
/cz/produkt/thhc-vape-pen-05ml-blitz/,/cz/thhc-vape-pen-0-5ml-blitz,true
/cz/produkt/thhc-vape-pen-05ml-magnum/,/cz/thhc-vape-pen-0-5ml-magnum,true
/cz/produkt/thhc-vape-pen-05ml-nitro/,/cz/thhc-vape-pen-0-5ml-nitro,true
/cz/produkt/cbd-mango-cheese/,/cz/cbd-mango-cheese,true
/cz/produkt/cbd-mango-rock/,/cz/cbd-mango-rock,true
/cz/produkt/cbd-critical-kush/,/cz/cbd-critical-kush,true
/cz/produkt/cbd-strawberry-kush/,/cz/cbd-strawberry-kush,true
/cz/produkt/cbd-amnesia/,/cz/cbd-amnesia,true
/cz/produkt/instantni-kava-kava-vivadzen/,/cz/instantni-kava-kava-vivadzen-25g,true
/cz/produkt/kanna-extrakt/,/cz/kanna-sceletium-tortuosum-extrakt-10-1-1g,true
/cz/produkt/high-candy-kanna-gummies-300mg/,/cz/high-candy-kanna-gummies-300mg,true
/cz/produkt/blue-lotus-stoner-bites-gummies-300mg/,/cz/blue-lotus-stoner-bites-gummies-300mg,true
/cz/produkt/cibdol-complete-sleep-5-cbn-a-25-cbd-10ml/,/cz/cibdol-complete-sleep-5-cbn-a-2-5-cbd-10ml,true
/cz/produkt/euphoria-cbd-olej-5-10-ml-cold-flu/,/cz/euphoria-cbd-olej-5-10-ml-cold-flu,true
/cz/produkt/nano10-kvety/,/cz/nano10-kvety,true
/cz/produkt/cannabigold-oil-best-10-9-cbd-1-cbg-1200-mg-12-ml/,/cz/cannabigold-oil-best-10-9-cbd-1-cbg-1200-mg-12-ml,true
/cz/produkt/kung-fu-cinsky-horsky-organicky-cerny-caj/,/cz/kung-fu-cinsky-horsky-organicky-cerny-caj,true
/cz/produkt/zelena-mlha-cinsky-horsky-organicky-zeleny-caj/,/cz/zelena-mlha-cinsky-horsky-organicky-zeleny-caj,true
/cz/produkt/tongkat-ali-extract/,/cz/tongkat-ali-extract,true
/cz/produkt/euphoria-cartridge-10-oh-hhc/,/cz/euphoria-cartridge-95-6-10-oh-hhc-1-ml-zkittlez,true
/cz/produkt/snow-white-h4cbd-puffix/,/cz/snow-white-h4cbd,true
/cz/produkt/blue-dream-h4cbd/,/cz/blue-dream-h4cbd,true
/cz/produkt/lemon-gelato-h4cbd/,/cz/lemon-gelato-h4cbd,true
/cz/produkt/purple-haze-h4cbd/,/cz/purple-haze-h4cbd,true
/cz/produkt/zensen/,/cz/zensen-prasek-50g,true
/cz/produkt/the-bulldog-ruzova-plastova-drticka/,/cz/the-bulldog-ruzova-plastova-drticka,true
/cz/produkt/canapuff-disposable-vape-pen-super-lemon-haze/,/cz/canapuff-disposable-vape-pen-super-lemon-haze-10-oh-hhc-95-1-ml,true
/cz/produkt/canapuff-disposable-vape-pen-rainbow-runtz-10-oh-hhc-95-1-ml/,/cz/canapuff-disposable-vape-pen-rainbow-runtz-10-oh-hhc-95-1-ml,true
/cz/produkt/canapuff-disposable-vape-pen-king-luis/,/cz/canapuff-disposable-vape-pen-king-luis-xiii-10-oh-hhc-95-1-ml,true
/cz/produkt/canapuff-disposable-vape-pen-donny-burger/,/cz/canapuff-disposable-vape-pen-donny-burger-10-oh-hhc-95-1-ml,true
/cz/produkt/the-bulldog-bila-eco-drticka/,/cz/the-bulldog-bila-eco-drticka,true
/cz/produkt/the-bulldog-cerna-eco-drticka/,/cz/the-bulldog-cerna-eco-drticka,true
/cz/produkt/the-bulldog-original-stribrna-kovova-drticka/,/cz/the-bulldog-original-stribrna-kovova-drticka,true
/cz/produkt/masazni-konopny-olej-chladivy/,/cz/masazni-konopny-olej-chladivy,true
/cz/produkt/puro-zrnkova-kava-bez-kofeinu-250g/,/cz/puro-zrnkova-kava-bez-kofeinu-250g,true
/cz/produkt/alienpuff-cone-280mm/,/cz/alienpuff-cone-280mm,true
/cz/produkt/rucne-vyrobena-dymka/,/cz/rucne-vyrobena-dymka,true
/cz/produkt/extra-panensky-olivovy-olej-s-cbd/,/cz/olivovy-olej-s-cbd,true
/cz/produkt/puro-zrnkova-kava-bio-dark-roast-250g/,/cz/puro-zrnkova-kava-bio-dark-roast-250g,true
/cz/produkt/cannastra-10-oh-hhcp-cartridge-bubblegum-telescope/,/cz/cannastra-10-oh-hhcp-cartridge-bubblegum-telescope-10-oh-hhcp-94-quality-1-ml,true
/cz/produkt/puro-jemne-mleta-250g/,/cz/puro-jemne-mleta-250g,true
/cz/produkt/cannastra-10-oh-hhc-flower-robot-dreams-97-quality-3-g/,/cz/cannastra-10-oh-hhc-flower-robot-dreams-97-quality-3-g,true
/cz/produkt/cannastra-10-oh-hhc-flower-colour-of-magic-97-quality-3-g/,/cz/cannastra-10-oh-hhc-flower-colour-of-magic-97-quality-3-g,true
/cz/produkt/cannastra-10-oh-hhc-hash-ice-breaker-90-quality-3-g/,/cz/cannastra-10-oh-hhc-hash-ice-breaker-90-quality-3-g,true
/cz/produkt/canntropy-10-oh-hhc-flower-tropicana-punch/,/cz/canntropy-10-oh-hhc-flower-tropicana-punch-10-oh-hhc-97-quality-3-g,true
/cz/produkt/jack-herer-cbd-pre-rolled-joints-6-pack/,/cz/cannio-jack-herer-cbd-pre-rolled-joints-6-pack,true
/cz/produkt/cannastra-10-oh-hhcp-cartridge-raspberry-space-race/,/cz/cannastra-10-oh-hhcp-cartridge-raspberry-space-race-10-oh-hhcp-94-quality-1-ml,true
/cz/produkt/heavens-haze-10-oh-hhc-gummies-10-pcs/,/cz/heavens-haze-10-oh-hhc-gummies-10-pcs-meloun-vodni,true
/cz/produkt/canapuff-10-oh-hhc-flower/,/cz/canapuff-10-oh-hhc-flower-10-oh-hhc-99-3g-donny-burger,true
/cz/produkt/relax-jack-herer-1g/,/cz/relax-jack-herer-1g,true
/cz/produkt/cannio-spojeni-sweet-dream-1g/,/cz/cannio-spojeni-sweet-dream-1g,true
/cz/produkt/cannabis-bakehouse-cbd-power-sleep-gummies/,/cz/cannabis-bakehouse-cbd-power-sleep-gummies-300-mg-20-pcs-x-15-mg-cbd,true
/cz/produkt/canntropy-10-oh-hhc-liquid-sweet-island-skunk/,/cz/canntropy-10-oh-hhc-liquid-sweet-island-skunk-10-oh-hhc-97-quality-10-ml,true
/cz/produkt/canntropy-10-oh-hhc-vape-pen-dutch-hawaian/,/cz/canntropy-10-oh-hhc-vape-pen-dutch-hawaian-97-quality-1-ml,true
/cz/produkt/ashwaganda/,/cz/ashwaganda-50g,true
/cz/produkt/canntropy-cartridge-laughing-buddha/,/cz/canntropy-10-oh-hhc-cartridge-laughing-buddha-97-quality-1-ml,true
/cz/produkt/canntropy-10-oh-hhc-liquid-white-truffle/,/cz/canntropy-10-oh-hhc-liquid-white-truffle-10-oh-hhc-97-quality-10-ml,true
/cz/produkt/heavens-haze-10-oh-hhc-gummies-3-pcs/,/cz/heavens-haze-10-oh-hhc-gummies-3-pcs-orange-kush,true
/cz/produkt/canntropy-10-oh-hhc-cartridge-blue-dream/,/cz/canntropy-10-oh-hhc-cartridge-blue-dream-97-quality-1-ml,true
/cz/produkt/cannastra-10-oh-hhc-cartridge-lemon-star-cruise/,/cz/cannastra-10-oh-hhc-cartridge-lemon-star-cruise-10-oh-hhc-97-quality-1-ml,true
/cz/produkt/cannastra-10-oh-hhc-cartridge-mango-exploration/,/cz/cannastra-10-oh-hhc-cartridge-mango-exploration-10-oh-hhc-97-quality-1-ml,true
/cz/produkt/canntropy-10-oh-hhc-prerolls-tangie-dream/,/cz/canntropy-10-oh-hhc-prerolls-tangie-dream-97-quality-1-5-g,true
/cz/produkt/canntropy-10-oh-hhc-vape-pen-strawberry-cough/,/cz/canntropy-10-oh-hhc-vape-pen-strawberry-cough-97-quality-1ml,true
/cz/produkt/lemon-cherry-cookies-auto-seminka/,/cz/lemon-cherry-cookies-auto,true
/cz/produkt/gorilla-cookies-auto-seminka/,/cz/gorilla-cookies-auto,true
/cz/produkt/cannastra-10-oh-hhc-hash-ice-breaker-90-quality-1-g-100-g/,/cz/cannastra-10-oh-hhc-hash-ice-breaker-90-quality-3-g,true
/cz/produkt/canntropy-10-oh-hhc-hash-rainbow-kush/,/cz/canntropy-10-oh-hhc-hash-rainbow-kush-97-quality-1-g,true
/cz/produkt/cannastra-cbg9-kvet-fruity-big-bang/,/cz/cannastra-cbg9-kvet-fruity-big-bang,true
/cz/produkt/gorilla-zkittlez-auto-seminka/,/cz/gorilla-zkittlez-auto-seminka,true
/cz/produkt/banana-purple-punch-auto-seminka/,/cz/banana-purple-punch-auto-seminka,true
/cz/produkt/strawberry-gorilla-auto-seminka/,/cz/strawberry-gorilla-auto-seminka,true
/cz/produkt/enecta-cbd-konopny-olej-3-300-mg-10-ml/,/cz/enecta-cbd-konopny-olej-3-300-mg-10-ml,true
/cz/produkt/euphoria-cbd-olej-5-s-terpeny-10-ml-500-mg-energy-vitality/,/cz/euphoria-cbd-olej-5-s-terpeny-10-ml-500-mg-energy-vitality,true
/cz/produkt/euphoria-cbd-olej-10-s-terpeny-10-ml-1000-mg-sleep-well/,/cz/euphoria-cbd-olej-10-s-terpeny-10-ml-1000-mg-sleep-well,true
/cz/produkt/euphoria-cbd-olej-5-s-terpeny-10-ml-500-mg-mind-relax/,/cz/euphoria-cbd-olej-5-s-terpeny-10-ml-500-mg-mind-relax,true
/cz/produkt/canapuff-caribbean-breeze-65-cbg9-kvety/,/cz/canapuff-caribbean-breeze-65-cbg9-kvety,true
/cz/produkt/euphoria-cbd-olej-5-s-terpeny-10-ml-500-mg-memory-focus/,/cz/euphoria-cbd-olej-5-s-terpeny-10-ml-500-mg-memory-focus,true
/cz/produkt/heavens-haze-10-oh-hhc-pre-roll/,/cz/heavens-haze-10-oh-hhc-pre-roll-gorilla-glue,true
/cz/produkt/harmony-cbd-olej-ve-spreji-1500-mg-15-ml-citrus/,/cz/harmony-cbd-olej-ve-spreji-1500-mg-15-ml-citrus,true
/cz/produkt/cannaline-cbd-konopny-olej-10-1000-mg-10-ml/,/cz/cannaline-cbd-konopny-olej-10-1000-mg-10-ml,true
/cz/produkt/enecta-cbday-strong-full-spectrum-30-cbd-olej-10-ml/,/cz/enecta-cbday-strong-full-spectrum-30-cbd-olej-10-ml,true
/cz/produkt/vykon-orange-bud-krabicka-1g/,/cz/vykon-orange-bud-krabicka-1g,true
/cz/produkt/spanek-blueberry-skunk-krabicka-1g/,/cz/spanek-blueberry-skunk-krabicka-1g,true
/cz/produkt/nature-cure-full-spectrum-raw-cbd-olej-5-10-ml-500-mg/,/cz/nature-cure-full-spectrum-raw-cbd-olej-5-10-ml-500-mg,true
/cz/produkt/nature-cure-full-spectrum-cbd-olej-5-500-mg-10-ml/,/cz/nature-cure-full-spectrum-cbd-olej-5-500-mg-10-ml,true
/cz/produkt/10-oh-hhc-amnezia-haze-kvety/,/cz/10-oh-hhc-amnesia-haze-kvety,true
/cz/produkt/10-oh-hhc-moon-rock/,/cz/50-10-oh-hhc-moon-rock,true
/cz/produkt/pineapple-pie-12-cbd/,/cz/pineapple-pie-12-cbd,true
/cz/produkt/big-bud-18-cbd-1-thc/,/cz/big-bud-18-cbd,true
/cz/produkt/cbd-plutonium/,/cz/cbd-plutonium,true
/cz/produkt/hash-h4cbd/,/cz/hash-h4cbd,true
/cz/produkt/drticky-male/,/cz/drticky-male,true
/cz/produkt/drticky-velke/,/cz/drticky-velke,true
/cz/produkt/papirky-blue-magic-rolls/,/cz/papirky-blue-magic-rolls,true
/cz/produkt/cyclones-hemp-original/,/cz/cyclones-hemp-original,true
/cz/produkt/juicy-jay-liqourice/,/cz/juicy-jay-liqourice,true
/cz/produkt/konopne-royal-blunts/,/cz/konopne-royal-blunts,true
/cz/produkt/papirky-raw/,/cz/papirky-raw-black,true
/cz/produkt/papirky-ocb-slim-premium/,/cz/papirky-ocb-slim-premium,true
/cz/produkt/muchomurka-kralovska-amanita-regalis-prasek/,/cz/muchomurka-kralovska-amanita-regalis-prasek-25g,true
/cz/produkt/muchomurka-tygrovana-amanita-pantherina-prasek/,/cz/muchomurka-tygrovana-amanita-pantherina-prasek-10g,true
/cz/produkt/koralovec-jezaty-mlety/,/cz/koralovec-jezaty-mlety-100g,true
/cz/produkt/cordyceps-militaris-v-kapsli/,/cz/cordyceps-militaris-v-kapsli-50-kapsli-25g,true
/cz/produkt/hliva-kralovska/,/cz/hliva-kralovska-250g,true
/cz/produkt/bong-roor/,/cz/bong-roor,true
/cz/produkt/canntropy-cbd-vape-pen-lime-sorbet-cbd-95-1-ml/,/cz/canntropy-cbd-vape-pen-lime-sorbet-cbd-95-1-ml,true
/cz/produkt/bong-skull/,/cz/bong-skull,true
/cz/produkt/gravity-bong/,/cz/gravity-bong,true
/cz/produkt/mala-sklenicka/,/cz/mala-sklenicka,true
/cz/produkt/sklenice-raw/,/cz/sklenice-raw,true
/cz/produkt/popelnik/,/cz/popelnik,true
/cz/produkt/thc-f1-pre-roll-vertigo/,/cz/thc-f1-pre-roll-vertigo,true
/cz/produkt/cbg9-kvety-mini-buds-1-5-g/,/cz/cbg9-kvety-mini-buds-1-5-g,true
/cz/produkt/cbg9-kvety-jack-herer/,/cz/cbg9-kvety-jack-herer,true
/cz/produkt/zapalovac-prakticky-a-stylovy-doplnek/,/cz/zapalovac,true
/cz/produkt/silikonova-trubka/,/cz/silikonova-dymka,true
/cz/produkt/bong-stredni-velikosti/,/cz/bong-stredni-velikosti-s-modrou-kadi,true
/cz/produkt/cbg9-kvety-amnesia/,/cz/cbg9-kvety-amnesia,true
/cz/produkt/cbg9-kvety-cannio-rock/,/cz/cbg9-kvety-cannio-rock,true
/cz/produkt/cbg9-pre-roll-white-widow/,/cz/cbg9-pre-roll-white-widow,true
/cz/produkt/thc-f1-cartridge-1ml-lime/,/cz/thc-f1-cartridge-1ml-lime,true
/cz/produkt/cbg9-pre-roll-cannio-rock/,/cz/cbg9-pre-roll-cannio-rock,true
/cz/produkt/thc-f1-pre-roll-pandora/,/cz/thc-f1-pre-roll-pandora,true
/cz/produkt/thc-f1-pre-roll-o-g-kush/,/cz/thc-f1-pre-roll-o-g-kush,true
/cz/produkt/thc-f1-pre-roll-skunk-1/,/cz/thc-f1-pre-roll-skunk-1,true
/cz/produkt/cbg9-kvety-ak-47/,/cz/cbg9-kvety-ak-47,true
/cz/produkt/th4c-pre-roll/,/cz/cannio-th4c-pre-roll-citron,true
/cz/produkt/thc-f1-kvety/,/cz/thc-f1-kvety-pandora,true
/cz/produkt/thc-f1-vape-pen-raspberry/,/cz/thc-f1-vape-pen-raspberry,true
/cz/produkt/thc-f1-vape-pen/,/cz/thc-f1-vape-pen-hrozny,true
/cz/produkt/thc-f1-cartridge-1ml-watermelon/,/cz/thc-f1-cartridge-1ml-watermelon,true
/cz/produkt/thc-f1-cartridge-1ml-orange/,/cz/thc-f1-cartridge-1ml-orange,true
/cz/produkt/th4c-vape-pen-passion-fruit/,/cz/th4c-vape-pen-passion-fruit,true
/cz/produkt/cbd-zkittlez-gh-m/,/cz/cbd-zkittlez-gh-m,true
/cz/produkt/th4c-cartridge-1ml/,/cz/th4c-cartridge-1ml-banan-a-jahoda,true
/cz/produkt/th4c-vape-pen-tangerine/,/cz/th4c-vape-pen-tangerine,true
/cz/produkt/th4c-lemon-haze/,/cz/th4c-lemon-haze,true
/cz/produkt/th4c-vape-pen/,/cz/th4c-vape-pen-tangerine,true
/cz/produkt/th4c-vape-pen-cherry/,/cz/th4c-vape-pen-cherry,true
/cz/produkt/goron-tula/,/cz/goron-tula-azanza-garckeana-1ks,true
/cz/produkt/papirky-ripzh/,/cz/papirky-ripzh,true
/cz/produkt/th4c-strawberry-kush/,/cz/th4c-strawberry-kush,true
/cz/produkt/cinsky-pu-erh-yunnan-shen-pu-erh-vzorky-5-g/,/cz/cinsky-pu-erh-1-ks,true
/cz/produkt/justicia-carnea-blood-plant-susene-listy/,/cz/justicia-carnea-blood-plant-susene-listy-25g,true
/cz/produkt/horke-listy-vernonia-amygdalina/,/cz/mlete-horke-listy-vernonia-amygdalina-25g,true
/cz/produkt/cha-hua-shi-neboli-zlomene-stribro/,/cz/cha-hua-shi-zlomene-stribro-50g,true
/cz/produkt/cha-hua-shi-neboli-zlomene-stribro-v-darkovem-baleni/,/cz/cha-hua-shi-zlomene-stribro-50g,true
/cz/produkt/pruhovany-caj-s-chryzantemou-a-zralym-cajem/,/cz/pu-erh-pruhovany-s-jasminem-50g,true
/cz/produkt/arbor-mini-brick-tuo-caj/,/cz/pu-erh-arbor-50g,true
/cz/produkt/pruhovany-caj-s-jasminem/,/cz/pu-erh-pruhovany-s-jasminem-50g,true
/cz/produkt/pruhovany-originalni-caj/,/cz/pu-erh-pruhovany-s-jasminem-50g,true
/cz/produkt/mini-tuo-pu-erh-caj-glutina-aroma/,/cz/palmero-mini-blueberry-2x-palm-leaf-wraps-0-8g,true
/cz/produkt/pu-ehr-mini-tuo-jasminova-prichut/,/cz/pu-erh-yunnan-shen-pu-erh-50g,true
/cz/produkt/koralovec-jezaty/,/cz/koralovec-jezaty-cela-houba-100g,true
/cz/produkt/mini-tuo-tea-dragon-ball-bily-caj/,/cz/palmero-mini-blueberry-2x-palm-leaf-wraps-0-8g,true
/cz/produkt/cbd-bonzai/,/cz/cbd-bonzai-5g,true
/cz/produkt/cbd-amnezia/,/cz/cbd-amnezia-5g,true
/cz/produkt/cbd-highdi-2/,/cz/cbd-highdi-5g,true
/cz/produkt/cbd-highdi/,/cz/cbd-highdi-5g,true
/cz/produkt/shen-pu-erh-yunnan/,/cz/pu-erh-yunnan-shen-pu-erh-50g,true
/cz/produkt/orech-kola/,/cz/mlete-orechy-kola-1000g,true
/cz/produkt/anchan-modry-caj/,/cz/ancan-modry-caj-10g,true
/cz/produkt/zeleny-caj-tie-guan-yin/,/cz/zeleny-caj-tie-guan-yin-1000g,true
/cz/produkt/cerveny-caj-da-hong-pao/,/cz/cerveny-caj-da-hong-pao-100g,true
/cz/produkt/bylinny-caj-alpske-louky/,/cz/bylinny-caj-alpske-louky-1000g,true
/cz/produkt/rooibos-africky-caj/,/cz/rooibos-africky-caj-1000g,true
/cz/produkt/mate-paraguaysky-napoj/,/cz/mate-paraguaysky-napoj-1000g,true
/cz/produkt/guarana-prasek/,/cz/guarana-prasek-1000g,true
/cz/produkt/griffonia-seminka/,/cz/griffonia-seminka-1000g,true
/cz/produkt/kava-kava-borongoru-noble-cultivar/,/cz/kava-kava-borongoru-noble-cultivar-50g,true
/cz/produkt/kava-kava-melo-melo-noble-cultivar/,/cz/kava-kava-melo-melo-noble-cultivar-50g,true
/cz/produkt/ccell-baterie/,/cz/ccell-m3-baterie,true
/cz/produkt/cannastra-vape-pen-blueberry-android/,/cz/cannastra-10-oh-hhc-vape-pen-blueberry-android-10-oh-hhc-97-quality-1ml,true
/cz/produkt/canntropy-cbd-vape-pen-candy-cane-kush-cbd-95-1-ml/,/cz/canntropy-cbd-vape-pen-candy-cane-kush-cbd-95-1-ml,true
/cz/produkt/originalni-mini-tuo-caj/,/cz/shen-pu-erh-mini-original-50g,true
/cz/produkt/kava-kava-damu-noble-cultivar/,/cz/kava-kava-damu-noble-cultivar-50g,true
/cz/produkt/muscimol-tincture-150mg/,/cz/muscimol-tincture-150mg,true
/cz/produkt/caj-pu-erh-s-lepkavou-vuni/,/cz/bylinny-caj-alpske-louky-1000g,true
/cz/produkt/califarms-thc-x-live-resin-cartrige-1-ml-ruzne-druhy/,/cz/califarms-thc-x-live-resin-cartrige-1-ml-ruzne-druhy,true
/cz/produkt/rape/,/cz/rape-guarumo,true
/cz/produkt/akuamma-strouhana-semena/,/cz/akuamma-strouhana-semena-10g,true
/cz/produkt/argyreia-nervosa-baby-hawaiian-woodrose/,/cz/argyreia-nervosa-5ks,true
/cz/produkt/canntropy-cbd-vape-pen-sugar-cookie-cbd-95-1-ml/,/cz/canntropy-cbd-vape-pen-sugar-cookie-cbd-95-1-ml,true
/cz/produkt/pu-erh-v-mandarince/,/cz/pu-erh-yunnan-shen-pu-erh-50g,true
/cz/produkt/banisteriopsis-caapi-vine/,/cz/banisteriopsis-caapi-vine-100g,true
/cz/produkt/mlete-koreny-kava-kava/,/cz/mlete-koreny-kava-kava-1000g,true
/cz/produkt/muchomurka-cervena-amanita-muscaria-prasek/,/cz/muchomurka-cervena-amanita-muscaria-prasek-50g,true
/cz/produkt/pure-matcha-a/,/cz/pure-matcha-a-100g,true
/cz/produkt/canntropy-h4cbd-premium-cannabinoid-oil-50-5000-mg-10-ml/,/cz/canntropy-h4cbd-premium-cannabinoid-oil-50-5000-mg-10-ml,true
/cz/produkt/zen-cbd-drink-70-mg-60-ml/,/cz/zen-cbd-drink-70-mg-60-ml-jahoda,true
/cz/produkt/cannabis-bakehouse-cbd-power-sleep-gummies-300-mg-20-pcs-x-15-mg-cbd/,/cz/cannabis-bakehouse-cbd-power-sleep-gummies-300-mg-20-pcs-x-15-mg-cbd,true
/cz/produkt/zenbud-balls/,/cz/zenbud-balls-classic,true
/cz/produkt/califarms-thc-x-1-ml/,/cz/califarms-thc-x-live-resin-cartrige-1-ml-ruzne-druhy,true
/cz/produkt/cannio-thhc-kvety/,/cz/cannio-thhc-kvety-hardcore,true
/cz/produkt/thc-x-strawberry-gelato/,/cz/thc-x-strawberry-gelato,true
/cz/produkt/akuamma-strouhana-seminka-v-kapslich/,/cz/akuamma-strouhana-seminka-v-kapslich-50-kapsli-30g,true
/cz/produkt/euphoria-10-oh-hhc-disposable-vape-pen-95-10-oh-hhc-2-ml/,/cz/euphoria-10-oh-hhc-disposable-vape-pen-95-10-oh-hhc-2-ml-gelato,true
/cz/produkt/canapuff-10-oh-hhc-pen-cartridge-donny-burger/,/cz/canapuff-10-oh-hhc-pen-cartridge-donny-burger,true
/cz/produkt/muchomurka-cervena-amanita-muscaria-susene-cepicky/,/cz/muchomurka-cervena-amanita-muscaria-susene-cepicky-25g,true
/cz/produkt/canapuff-10-oh-hhc-gummies/,/cz/canapuff-10-oh-hhc-gummies-cherry,true
/cz/produkt/thc-x-strawberry-gelato-pre-roll/,/cz/thc-x-strawberry-gelato-pre-roll,true
/cz/produkt/amanita-muscaria-jelly/,/cz/amanita-muscaria-jelly,true
/cz/produkt/speed-gummies/,/cz/speed-gummies,true
/cz/produkt/dnx-party-pills/,/cz/dnx-party-pills-happy-party-caps-smart-x,true
/cz/produkt/cbd-bubba_kush/,/cz/cbd-bubba-kush,true
/cz/produkt/thc-x-cheesecake/,/cz/thc-x-cheesecake-kvety,true
/cz/produkt/kanna-susena-rostlina/,/cz/kanna-sceletium-tortuosum-susena-rostlina-1g,true
/cz/produkt/nano10-ultra-pink-kvety/,/cz/nano10-ultra-pink-kvety-1g,true
/ua/produkt/kava-indiia-plantation-250h/,/ua/kava-tanzaniya-edelweis-est-250g-melena,true
/ua/produkt/canntropy-cbd-vape-pen-sugar-cookie-cbd-95-1-ml/,/ua/canntropy-cbd-vape-pen-sugar-cookie-cbd-95-1-ml,true
/ua/produkt/crispy-gari/,/ua/crispy-gari,true
/ua/produkt/cbd-oliya-relax-happease/,/ua/cannaline-cbd-tea-memory-30g,true
/ua/produkt/kava-el-salvador-250h/,/ua/kava-tanzaniya-edelweis-est-250g-melena,true
/ua/produkt/kava-raunda-musho-250h/,/ua/kava-tanzaniya-edelweis-est-250g-melena,true
/ua/produkt/kava-peru-san-ignacio-250g/,/ua/kava-peru-san-ignacio-250g-melena,true
/ua/produkt/kava-kosta-rika-chirripo-250h/,/ua/kava-tanzaniya-edelweis-est-250g-melena,true
/ua/produkt/kava-keniya-250g/,/ua/kava-keniya-250g-melena,true
/ua/produkt/lodyaniki-mushroom-lolly-10-g/,/ua/lodyaniki-mushroom-lolly-10-g-10g,true
/ua/produkt/canntropy-cbd-vape-tangie-sunrise-cbd/,/ua/canntropy-cbd-vape-pen-tangie-sunrise-cbd-95-1-ml-tangie-sunrise,true
/ua/produkt/hemnia-cbd-oil-20-thc-free-2000-mg-10-ml/,/ua/hemnia-cbd-oil-20-thc-free-2000-mg-10-ml,true
/ua/produkt/hemnia-full-spectrum-cbd-mct-10-1000mg/,/ua/hemnia-full-spectrum-cbd-mct-coconut-oil-10-1000mg-green-tea-10-ml-10,true
/ua/produkt/euphoria-full-spectrum-oil-super-strong-20-10-ml-2000-mg/,/ua/euphoria-full-spectrum-oil-super-strong-20-10-ml-2000-mg-20,true
/ua/produkt/euphoria-full-spectrum-oil-super-strong-20-10-ml-2000-mg-2/,/ua/euphoria-full-spectrum-oil-super-strong-20-10-ml-2000-mg-20,true
/ua/produkt/euphoria-5-mind-relax-ml-500-mg/,/ua/euphoria-cbd-oil-5-with-terpenes-10-ml-500-mg-mind-relax-5,true
/ua/produkt/euphoria-cbd-oil-10-with-terpenes-10-ml-1000-mg-anti-stress/,/ua/euphoria-cbd-10-oil-with-terpenes-10-ml-1000-mg-sleep-well-10,true
/ua/produkt/euphoria-cbd-10-oil-with-terpenes-10-ml-1000-mg-sleep-well/,/ua/euphoria-cbd-10-oil-with-terpenes-10-ml-1000-mg-sleep-well-10,true
/ua/produkt/nature-cure-cbd-oil-10-full-spectrum-10-ml-1000-mg/,/ua/nature-cure-full-spectrum-cbd-oil-10-1000-mg-10-ml-10,true
/ua/produkt/harmony-cbd-spray-15-15ml-1500-mg-citrus/,/ua/harmony-cbd-spray-oil-1500-mg-15-ml-citrus-15,true
/ua/produkt/cbd-sport-massage-gel/,/ua/cannabellum-cbd-sport-massage-gel-200-ml,true
/ua/produkt/cannabigold-oil-best-10-9-cbd-1-cbg-1200-mg-12-ml/,/ua/cannabigold-oil-best-10-9-cbd-1-cbg-1200-mg-12-ml,true
/ua/produkt/euphoria-cbd-oil-10-full-spectrum-strong-10ml-1000-mg/,/ua/euphoria-cbd-oil-10-full-spectrum-strong-10ml-1000-mg,true
/ua/produkt/cannaline-cbd-tea-relax-30-g/,/ua/cannaline-cbd-tea-relax-30-g,true
/ua/produkt/cannaline-cbd-tea-immunity-30-g/,/ua/cannaline-cbd-tea-immunity-30-g,true
/ua/produkt/cannaline-cbd-tea-memory-30g/,/ua/cannaline-cbd-tea-memory-30g,true
/ua/produkt/aeuphoria-cbd-vape-pen-ice-watermelon-2-ml/,/ua/euphoria-cbd-vape-pen-ice-watermelon-2-ml-watermelon,true
/ua/produkt/shen-puer-yunnan/,/ua/shen-pu-erh-mini-original-50g,true
/ua/produkt/banisteriopsis-caapi-vine/,/ua/banisteriopsis-caapi-vine-100g,true
/ua/produkt/ashvaganda-%d1%8dkstrakt-10-kapsul%d1%8b-50-g/,/ua/ashwaganda-50g,true
/ua/produkt/dawadawa/,/ua/dawadawa-25g,true
/ua/produkt/kava-brazyliia-santos-250h/,/ua/kava-tanzaniya-edelweis-est-250g-melena,true
/ua/produkt/dragon-ball-bilij-chaj/,/ua/dragon-ball-biliy-chay-50g,true
/ua/produkt/shu-puer-z-zhasminom-yunnan/,/ua/shu-puer-z-zhasminom-yunnan-25g,true
/ua/produkt/euphoria-cbd-disposable-vape-pen-cactus-lemon-2-ml/,/ua/euphoria-cbd-disposable-vape-pen-cactus-lemon-2-ml,true
/ua/produkt/cordyceps-militaris-poroshok/,/ua/kordiceps-cordyceps-militaris-poroshok-25g,true
/ua/produkt/mate-paraguaysky-napoj/,/ua/mate-paraguaysky-napoj-1000g,true
/ua/produkt/cordyceps-v-kaplsi/,/ua/kordiceps-kapsuli-cordyceps-militaris-100-kapsul,true
/ua/produkt/kava-kolumbiia-supremo-250g/,/ua/kava-tanzaniya-edelweis-est-250g-melena,true
/ua/produkt/kava-tanzanyia-edelweis-est-250h/,/ua/kava-tanzaniya-edelweis-est-250g-melena,true
/ua/produkt/hemnia-cbd-oil-30-thc-free-3000-mg-10-ml/,/ua/hemnia-cbd-oil-30-thc-free-3000-mg-10-ml,true
/ua/produkt/euphoria-cbd-disposable-vape-pen-cactus-lemon-2-ml-2/,/ua/euphoria-cbd-vape-pen-heisenberg-2-ml-heisenberg,true
/ua/produkt/akuamma-kapsuli/,/ua/akuamma-kapsuli-500mg-50-sht,true
/ua/produkt/ashvaganda-kapsuli/,/ua/ashvaganda-kapsuli-100-sht,true
/ua/produkt/griffonia/,/ua/griffonia-seminka-1000g,true
/ua/produkt/kava-kava-ridkyi-ekstrakt/,/ua/kava-tanzaniya-edelweis-est-250g-melena,true
/ua/produkt/ekstrakt-zhenshenyu-poroshok-101/,/ua/ekstrakt-zhenshenyu-poroshok-10-1-10g,true
/ua/produkt/canntropy-cbd-vape-pen-lime-sorbet-cbd-95-1-ml/,/ua/canntropy-cbd-vape-pen-lime-sorbet-cbd-95-1-ml,true
/ua/produkt/agushie-powder/,/ua/agushie-powder-500g,true
/ua/produkt/guarana-shot-watermelon-60ml/,/ua/guarana-shot-60ml-kavun,true
/ua/produkt/kava-hvatemala-huehuetenango-shg-ep-250h/,/ua/kava-tanzaniya-edelweis-est-250g-melena,true
/ua/produkt/rape/,/ua/rape-guarumo,true
/ua/produkt/amanita-muscaria-zhelejki-z-musczimolom/,/ua/muhomor-korolivskiy-amanita-regalis-poroshok-25g,true
/ua/produkt/ashvaganda/,/ua/ashvaganda-ashwagandha-50g,true
/ua/produkt/kanna-afrikanska/,/ua/kanna-afrikanska-1g,true
/ua/produkt/ekstrakt-tongkat-ali/,/ua/ekstrakt-tongkat-ali-10g,true
/ua/produkt/tonhkat-ali-kapsuly/,/ua/tongkat-ali-extract,true
/ua/produkt/kava-kava-piper-methysticum/,/ua/kava-kava-piper-methysticum-25g,true
/ua/produkt/koridalis/,/ua/koridalis-yan-hu-suo-meleniy-korin-25g,true
/ua/produkt/akuamma/,/ua/akuamma-strouhana-semena-10g,true
